bytes,content-type,elapsed,endpoint,resource,status,entry-date,start-date,end-date
161345255,application/json,6.666,2fe69293c0911843f5ca04d2b8a34b3e4f5cc412f64cc06cb69c7753efa3785a,05280773e379a6f1ae29013de610201561de289423a476497069dc1b1297520f,200,2021-01-11T14:37:27.707084,,
161345255,application/json,31.196,2fe69293c0911843f5ca04d2b8a34b3e4f5cc412f64cc06cb69c7753efa3785a,05280773e379a6f1ae29013de610201561de289423a476497069dc1b1297520f,200,2021-01-12T16:03:21.168662,,
161345255,application/json,7.074,2fe69293c0911843f5ca04d2b8a34b3e4f5cc412f64cc06cb69c7753efa3785a,05280773e379a6f1ae29013de610201561de289423a476497069dc1b1297520f,200,2021-01-13T11:21:05.972479,,
161345255,application/json,25.911,2fe69293c0911843f5ca04d2b8a34b3e4f5cc412f64cc06cb69c7753efa3785a,05280773e379a6f1ae29013de610201561de289423a476497069dc1b1297520f,200,2021-01-18T11:09:45.752679,,
161345255,application/json,25.001,2fe69293c0911843f5ca04d2b8a34b3e4f5cc412f64cc06cb69c7753efa3785a,05280773e379a6f1ae29013de610201561de289423a476497069dc1b1297520f,200,2021-01-19T13:46:59.173537,,
161345257,application/json,25.703,2fe69293c0911843f5ca04d2b8a34b3e4f5cc412f64cc06cb69c7753efa3785a,e5b1e8e7e9652aa8d667614c3e6c976459b45f878ceb29f636ee25c7680f85cc,200,2021-02-01T00:23:47.084052,,
161345094,application/json,30.148,2fe69293c0911843f5ca04d2b8a34b3e4f5cc412f64cc06cb69c7753efa3785a,abba36cb6dc0396e50358a9461382dd5756e79871284d1cc2a959ecdb1ba0a69,200,2021-02-12T14:11:30.212165,,
161345094,application/json,34.096,2fe69293c0911843f5ca04d2b8a34b3e4f5cc412f64cc06cb69c7753efa3785a,abba36cb6dc0396e50358a9461382dd5756e79871284d1cc2a959ecdb1ba0a69,200,2021-03-01T00:20:25.451138,,
161345094,application/json,6.853,2fe69293c0911843f5ca04d2b8a34b3e4f5cc412f64cc06cb69c7753efa3785a,abba36cb6dc0396e50358a9461382dd5756e79871284d1cc2a959ecdb1ba0a69,200,2021-03-04T13:52:35.754921,,
161345094,application/json,7.026,2fe69293c0911843f5ca04d2b8a34b3e4f5cc412f64cc06cb69c7753efa3785a,abba36cb6dc0396e50358a9461382dd5756e79871284d1cc2a959ecdb1ba0a69,200,2021-03-05T15:18:27.485178,,
161345094,application/json,27.687,2fe69293c0911843f5ca04d2b8a34b3e4f5cc412f64cc06cb69c7753efa3785a,abba36cb6dc0396e50358a9461382dd5756e79871284d1cc2a959ecdb1ba0a69,200,2021-04-01T02:39:22.660605,,
161363667,application/json,29.908,2fe69293c0911843f5ca04d2b8a34b3e4f5cc412f64cc06cb69c7753efa3785a,abba36cb6dc0396e50358a9461382dd5756e79871284d1cc2a959ecdb1ba0a69,200,2021-05-01T00:07:20.368328,,
161363667,application/json,29.458,2fe69293c0911843f5ca04d2b8a34b3e4f5cc412f64cc06cb69c7753efa3785a,abba36cb6dc0396e50358a9461382dd5756e79871284d1cc2a959ecdb1ba0a69,200,2021-06-01T00:26:03.157473,,
161363667,application/json,33.774,2fe69293c0911843f5ca04d2b8a34b3e4f5cc412f64cc06cb69c7753efa3785a,abba36cb6dc0396e50358a9461382dd5756e79871284d1cc2a959ecdb1ba0a69,200,2021-06-30T11:20:03.207353,,
161363667,application/json,7.763,2fe69293c0911843f5ca04d2b8a34b3e4f5cc412f64cc06cb69c7753efa3785a,abba36cb6dc0396e50358a9461382dd5756e79871284d1cc2a959ecdb1ba0a69,200,2021-07-01T00:33:05.502223,,
,,30.021,2fe69293c0911843f5ca04d2b8a34b3e4f5cc412f64cc06cb69c7753efa3785a,,,2021-07-14T10:22:37.777174,,
161363667,application/json,23.3,2fe69293c0911843f5ca04d2b8a34b3e4f5cc412f64cc06cb69c7753efa3785a,abba36cb6dc0396e50358a9461382dd5756e79871284d1cc2a959ecdb1ba0a69,200,2021-08-01T00:58:55.966867,,
161363667,application/json,8.927,2fe69293c0911843f5ca04d2b8a34b3e4f5cc412f64cc06cb69c7753efa3785a,abba36cb6dc0396e50358a9461382dd5756e79871284d1cc2a959ecdb1ba0a69,200,2021-09-01T00:56:44.712840,,
161363667,application/json,28.385,2fe69293c0911843f5ca04d2b8a34b3e4f5cc412f64cc06cb69c7753efa3785a,abba36cb6dc0396e50358a9461382dd5756e79871284d1cc2a959ecdb1ba0a69,200,2021-09-09T15:42:50.626159,,
161363667,application/json,6.511,2fe69293c0911843f5ca04d2b8a34b3e4f5cc412f64cc06cb69c7753efa3785a,abba36cb6dc0396e50358a9461382dd5756e79871284d1cc2a959ecdb1ba0a69,200,2021-09-17T09:31:58.117342,,
161363667,application/json,22.709,2fe69293c0911843f5ca04d2b8a34b3e4f5cc412f64cc06cb69c7753efa3785a,abba36cb6dc0396e50358a9461382dd5756e79871284d1cc2a959ecdb1ba0a69,200,2021-10-01T00:58:07.258050,,
161363667,application/json,22.378,2fe69293c0911843f5ca04d2b8a34b3e4f5cc412f64cc06cb69c7753efa3785a,abba36cb6dc0396e50358a9461382dd5756e79871284d1cc2a959ecdb1ba0a69,200,2021-11-01T00:56:28.221909,,
161363667,application/json,7.47,2fe69293c0911843f5ca04d2b8a34b3e4f5cc412f64cc06cb69c7753efa3785a,abba36cb6dc0396e50358a9461382dd5756e79871284d1cc2a959ecdb1ba0a69,200,2021-11-04T13:43:50.539430,,
161345094,application/json,24.434,2fe69293c0911843f5ca04d2b8a34b3e4f5cc412f64cc06cb69c7753efa3785a,abba36cb6dc0396e50358a9461382dd5756e79871284d1cc2a959ecdb1ba0a69,200,2021-12-01T00:58:20.008644,,
